                  epoch,         train/box_loss,         train/cls_loss,         train/dfl_loss,   metrics/precision(B),      metrics/recall(B),       metrics/mAP50(B),    metrics/mAP50-95(B),           val/box_loss,           val/cls_loss,           val/dfl_loss,                 lr/pg0,                 lr/pg1,                 lr/pg2
                      1,                 1.5813,                 4.0729,                 1.4492,                0.00743,                0.66667,                0.06665,                0.02613,                 2.3321,                 4.5536,                 2.5394,                      0,                      0,                      0
                      2,                 2.0038,                 3.8791,                 2.0872,                0.00741,                0.66667,                0.06651,                0.02612,                 2.3398,                 4.6636,                 2.5004,             1.3369e-05,             1.3369e-05,             1.3369e-05
                      3,                 1.9048,                 4.1071,                 1.6316,                0.00727,                0.66667,                0.06662,                0.02612,                 2.3308,                 4.7246,                 2.4782,             2.0137e-05,             2.0137e-05,             2.0137e-05
                      4,                 1.6628,                 3.4696,                 1.6788,                0.00725,                0.66667,                0.06737,                0.02633,                 2.3135,                 4.7531,                  2.464,             2.0304e-05,             2.0304e-05,             2.0304e-05
                      5,                 1.4271,                 4.0872,                 1.3766,                0.00709,                0.66667,                 0.0675,                0.02058,                  2.323,                  4.747,                 2.4689,             1.3869e-05,             1.3869e-05,             1.3869e-05
